Title,Company,Location,Link
Senior FrontEnd UI Developer,"JPMorgan Chase Bank, N.A.","Chicago, IL",https://stackoverflow.com/jobs/543546
Front End UI Software Engineer - React - Portfolio Management Platform,"JPMorgan Chase Bank, N.A.","London, UK",https://stackoverflow.com/jobs/542270
Front End UI developer,"JPMorgan Chase Bank, N.A.","Plano, TX",https://stackoverflow.com/jobs/545155
JavaScript UI Software Engineer,"JPMorgan Chase Bank, N.A.","Columbus, OH",https://stackoverflow.com/jobs/542810
Frontend Developer (Vue.js),The Motley Fool Inc,No office locatio,https://stackoverflow.com/jobs/536121
Senior Front End (UI) Developer,Hearst Magazines,"Washington, DC",https://stackoverflow.com/jobs/500818
Senior Software Engineer - Front End,Capital One Financial Corporation,"Plano, TX",https://stackoverflow.com/jobs/544688
Frontend Software Engineer - Porto,eDreams ODIGEO,"Porto, Portugal",https://stackoverflow.com/jobs/545253
Senior Software Engineer - Frontend,Juni Technology AB,No office locatio,https://stackoverflow.com/jobs/482429
Senior Frontend Engineer,Open Systems AG,"Zürich, Switzerland",https://stackoverflow.com/jobs/521998
Senior Frontend Developer,ABOUT YOU GmbH & Co. KG,"Hamburg, Deutschland",https://stackoverflow.com/jobs/548070
Software Engineer Frontend / Frontend Developer (mid - senior Level) 80-100%,Avaloq,"Zürich, Switzerland",https://stackoverflow.com/jobs/543466
Software Engineer (Frontend) - Connectly.ai,Unusual Ventures,No office locatio,https://stackoverflow.com/jobs/532923
"Software Engineer, Android / Frontend",Smile (CA),No office locatio,https://stackoverflow.com/jobs/540227
Senior UI Software Engineer,VIZIO,"Denver, CO",https://stackoverflow.com/jobs/522671
Frontend Engineer,SQUAD,"Kyiv, Ukraine",https://stackoverflow.com/jobs/518176
Frontend Developer (w/m/d),MASSIVE ART WebServices GmbH,"Wien, Österreich",https://stackoverflow.com/jobs/529757
Senior Frontend Engineer,Singapore Innovate Pte. Ltd,Singapore,https://stackoverflow.com/jobs/529920
Senior Software Engineer - Front End,Keap,No office locatio,https://stackoverflow.com/jobs/492300
Full-stack / front-end / back-end -kehittäjiä luomaan älykkäitä kaupunkeja,Sitowise,"Espoo, Finland",https://stackoverflow.com/jobs/488336
Frontend Engineer,MayStreet Inc.,No office locatio,https://stackoverflow.com/jobs/540890
Senior FrontEnd Engineer,Volvo Cars,"Göteborg, Swede",https://stackoverflow.com/jobs/543410
Frontend-Entwickler (m/w/d),Meierhofer AG,"München, Deutschland",https://stackoverflow.com/jobs/372319
UI Software Engineer,"JPMorgan Chase Bank, N.A.","Jersey City, NJ",https://stackoverflow.com/jobs/542561
Frontend Software Engineer - Web Infra,ByteDance,Singapore,https://stackoverflow.com/jobs/541571
